{"horizons":{"20":{"dd":5,"thrPct":5,"base":34,"mean":[-0.05262,-0.0294,-0.04057,-0.01465,2.60808,0.20958,2.43343,1.8125,-0.06285,0.49553],"std":[0.33838,0.24202,0.30996,0.16301,2.04907,0.11275,2.08013,1.52676,0.26328,0.30888],"w":[-0.0491,-0.05929,-0.09394,-0.01346,0.31478,-0.01904,0.24401,0.30707,-0.02005,0.05503],"b":-0.78681},"40":{"dd":7,"thrPct":7.1,"base":35,"mean":[-0.05262,-0.0294,-0.04057,-0.01465,2.60808,0.20958,2.43343,1.8125,-0.06285,0.49553],"std":[0.33838,0.24202,0.30996,0.16301,2.04907,0.11275,2.08013,1.52676,0.26328,0.30888],"w":[-0.04308,-0.06753,-0.10359,-0.02853,0.35366,-0.00849,0.2608,0.28872,-0.03167,0.06018],"b":-0.72909},"60":{"dd":9,"thrPct":8.7,"base":36,"mean":[-0.05262,-0.0294,-0.04057,-0.01465,2.60808,0.20958,2.43343,1.8125,-0.06285,0.49553],"std":[0.33838,0.24202,0.30996,0.16301,2.04907,0.11275,2.08013,1.52676,0.26328,0.30888],"w":[-0.07228,-0.06915,-0.10294,-0.03661,0.35781,-0.02552,0.27485,0.29234,-0.03987,0.0673],"b":-0.71664}}}