{"mean":[-0.05217,-0.0292,-0.0403,-0.01451,2.61744,0.20949,2.44283,1.81915,-0.06262,0.497],"std":[0.33843,0.24193,0.30963,0.16301,2.05053,0.11273,2.08302,1.52799,0.26317,0.30889],"w":[-0.05276,-0.05592,-0.09572,-0.01967,0.32093,-0.01845,0.24893,0.30076,-0.01806,0.05445],"b":-0.77681}