{"axis":"overnight_gap_risk","scope":"stocks_only(US+KR)","H":20,"K_gap":2.2,"gapvol_n":60,"feats":"volStruct10 + gapStruct5 [gv,lastAbs,cluster,r5,gv/v20]","posRate":0.487,"oosAcc":0.629,"losoAcc":0.589,"mean":[-0.05165,-0.0286,-0.03755,-0.01241,2.46292,0.21283,2.25394,1.73872,-0.06248,0.5053,1.05324,0.70651,1.8593,0.70492,0.64721],"std":[0.34139,0.24437,0.31177,0.16195,1.51032,0.11063,1.44001,1.15181,0.26462,0.30737,0.67632,1.04922,1.5472,0.66328,0.25689],"w":[0.08904,-0.11486,-0.1067,0.02417,0.1164,0.0081,0.31754,-0.18607,-0.07289,-0.12471,-0.4386,0.05256,0.13114,-0.00266,-0.44916],"b":-0.08204}