{
  "generatedAt": "2026-07-07T00:00:00Z",
  "horizons": {
    "3": {
      "engine": 0.5098931539374753,
      "alwaysUp": 0.5231581004494821,
      "lift": -0.013264946512006826,
      "bullCall": 0.5269640479360852,
      "bearCall": 0.4848780487804878,
      "n": 5054
    },
    "5": {
      "engine": 0.5254304373639422,
      "alwaysUp": 0.5326426896012509,
      "lift": -0.007212252237308703,
      "bullCall": 0.5481506164611796,
      "bearCall": 0.4922027290448343,
      "n": 5053
    },
    "10": {
      "engine": 0.5215500197706603,
      "alwaysUp": 0.5376953125,
      "lift": -0.016145292729339733,
      "bullCall": 0.5495345744680851,
      "bearCall": 0.48048780487804876,
      "n": 5058
    },
    "20": {
      "engine": 0.5319233050009884,
      "alwaysUp": 0.5527137836782506,
      "lift": -0.020790478677262247,
      "bullCall": 0.5721409574468085,
      "bearCall": 0.47294002925402245,
      "n": 5059
    },
    "40": {
      "engine": 0.529632556301857,
      "alwaysUp": 0.5639024390243902,
      "lift": -0.034269882722533174,
      "bullCall": 0.5794547872340425,
      "bearCall": 0.45666991236611487,
      "n": 5062
    },
    "60": {
      "engine": 0.5367588932806324,
      "alwaysUp": 0.5797384345110287,
      "lift": -0.04297954123039627,
      "bullCall": 0.5991350632069194,
      "bearCall": 0.4454722492697176,
      "n": 5060
    }
  }
}