{
 "note": "rel-domain-lab sector 검증 후 전체표본 최종학습. MEAN/STD 공유, W/BB 지평별.",
 "n": 25243,
 "hs": {
  "10": {
   "W": [
    0.09357,
    0.04443,
    -0.03215,
    0.04929,
    0.07545,
    -0.10195,
    0.24746,
    0.01807,
    0.12376,
    -0.02363,
    0.00937,
    -0.02587,
    -0.06046,
    -0.01279,
    -0.02157,
    -0.00918,
    -0.07214,
    0.13298,
    -0.62833,
    0.21352,
    -0.18584,
    -0.00417,
    0.04205,
    0.03818,
    0.02959
   ],
   "BB": -0.0047,
   "base": 50
  },
  "20": {
   "W": [
    0.0529,
    0.07349,
    0.0045,
    0.02146,
    0.07523,
    -0.13049,
    0.17739,
    0.04569,
    0.11479,
    -0.07582,
    0.0421,
    -0.03866,
    -0.08494,
    -0.0205,
    -0.09454,
    0.04154,
    -0.03225,
    0.14772,
    -0.46695,
    0.15564,
    -0.17506,
    0.07538,
    0.02193,
    0.04062,
    0.04557
   ],
   "BB": 0.01506,
   "base": 50.4
  },
  "40": {
   "W": [
    0.06554,
    0.14755,
    -0.08159,
    0.05899,
    0.09927,
    -0.18534,
    0.08826,
    0.02766,
    0.13119,
    -0.12149,
    0.02998,
    -0.01882,
    -0.11971,
    -0.10596,
    -0.04407,
    0.05097,
    -0.02911,
    0.14397,
    -0.33181,
    0.18254,
    -0.20834,
    0.1416,
    -0.01132,
    0.05149,
    0.03743
   ],
   "BB": 0.01696,
   "base": 50.4
  }
 },
 "MEAN": [
  0.01111,
  0.03335,
  0.06878,
  0.15011,
  0.04322,
  0.00783,
  0.54255,
  0.02696,
  0.00016,
  -0.07349,
  -0.03995,
  0.00369,
  0.00267,
  0.00745,
  0.01548,
  0.03558,
  0.0048,
  0.00046,
  0.50428,
  0.00248,
  0.00002,
  -0.08164,
  -0.03714,
  0.00427,
  -0.01852
 ],
 "STD": [
  0.08804,
  0.1533,
  0.23179,
  0.38441,
  0.1594,
  0.02716,
  0.33366,
  0.16916,
  0.14702,
  0.08276,
  0.31418,
  0.30625,
  0.07365,
  0.12317,
  0.17937,
  0.2898,
  0.12812,
  0.02176,
  0.30686,
  0.12199,
  0.12427,
  0.07108,
  0.31015,
  0.30616,
  0.23238
 ]
}