{
 "note": "rel-lab OOS 검증 후 전체표본 최종학습. MEAN/STD 공유(피처 동일), W/BB 지평별.",
 "n": 14580,
 "hs": {
  "10": {
   "W": [
    0.19037,
    0.10417,
    -0.05613,
    -0.0026,
    0.13427,
    -0.12284,
    0.26767,
    -0.06909,
    0.16791,
    -0.00067,
    -0.01698,
    0.00408,
    -0.27893,
    -0.10611,
    -0.02695,
    0.08936,
    -0.04869,
    0.09889,
    -0.49019,
    0.3305,
    -0.33469,
    -0.01326,
    0.12472,
    -0.0259,
    0.00525
   ],
   "BB": -0.03281,
   "base": 49.3
  },
  "20": {
   "W": [
    0.18471,
    0.15253,
    -0.07886,
    -0.03411,
    0.10493,
    -0.10152,
    0.15632,
    -0.00828,
    0.16221,
    -0.11959,
    0.10585,
    -0.04767,
    -0.27507,
    -0.13756,
    -0.01453,
    0.10081,
    -0.03629,
    0.13203,
    -0.30747,
    0.18793,
    -0.27374,
    0.1576,
    -0.02271,
    0.02832,
    -0.01035
   ],
   "BB": -0.00972,
   "base": 49.8
  },
  "40": {
   "W": [
    0.1672,
    0.17175,
    -0.20028,
    0.02682,
    0.16934,
    -0.11764,
    0.13252,
    0.01724,
    0.06446,
    -0.22268,
    0.11366,
    -0.05083,
    -0.25803,
    -0.1906,
    0.07319,
    0.06665,
    -0.0129,
    0.12391,
    -0.21413,
    0.11108,
    -0.16971,
    0.24802,
    -0.05821,
    0.01966,
    0.00342
   ],
   "BB": -0.0369,
   "base": 49.1
  }
 },
 "MEAN": [
  0.01308,
  0.03833,
  0.08028,
  0.18345,
  0.05422,
  0.01012,
  0.55011,
  0.02929,
  0.00013,
  -0.07129,
  -0.03575,
  0.00933,
  0.00254,
  0.00738,
  0.01641,
  0.04329,
  0.00452,
  0.00029,
  0.50384,
  -0.00043,
  -0.00036,
  -0.08841,
  -0.03576,
  0.00233,
  -0.04561
 ],
 "STD": [
  0.08767,
  0.14964,
  0.22838,
  0.41164,
  0.15827,
  0.02648,
  0.33338,
  0.17173,
  0.15144,
  0.07595,
  0.32147,
  0.30273,
  0.08012,
  0.13362,
  0.19919,
  0.34205,
  0.1433,
  0.02441,
  0.32013,
  0.14513,
  0.14458,
  0.07381,
  0.32451,
  0.30753,
  0.28478
 ]
}