{"dd":0,"mean":[-0.05217,-0.0292,-0.0403,-0.01451,2.61744,0.20949,2.44283,1.81915,-0.06262,0.497],"std":[0.33843,0.24193,0.30963,0.16301,2.05053,0.11273,2.08302,1.52799,0.26317,0.30889],"w":[0.16135,-0.20831,-0.16304,-0.05142,0.03803,0.03032,0.23583,-0.37865,-0.22914,-0.30781],"b":-0.30147,"base":44,"acc":65}