{"horizons":{"20":{"dd":5,"thrPct":5,"base":40,"mean":[-0.05262,-0.0294,-0.04057,-0.01465,2.60808,0.20958,2.43343,1.8125,-0.06285,0.49553],"std":[0.33838,0.24202,0.30996,0.16301,2.04907,0.11275,2.08013,1.52676,0.26328,0.30888],"w":[-0.01658,-0.05798,-0.08918,-0.06927,0.33165,0.01843,0.19731,0.34737,-0.05169,0.06],"b":-0.47465},"40":{"dd":7,"thrPct":7.1,"base":44,"mean":[-0.05262,-0.0294,-0.04057,-0.01465,2.60808,0.20958,2.43343,1.8125,-0.06285,0.49553],"std":[0.33838,0.24202,0.30996,0.16301,2.04907,0.11275,2.08013,1.52676,0.26328,0.30888],"w":[-0.03563,-0.04931,-0.10506,-0.08457,0.3203,0.04447,0.17659,0.40358,-0.03646,0.03016],"b":-0.29469},"60":{"dd":9,"thrPct":8.7,"base":47,"mean":[-0.05262,-0.0294,-0.04057,-0.01465,2.60808,0.20958,2.43343,1.8125,-0.06285,0.49553],"std":[0.33838,0.24202,0.30996,0.16301,2.04907,0.11275,2.08013,1.52676,0.26328,0.30888],"w":[-0.043,-0.04091,-0.11898,-0.10779,0.30279,0.05213,0.14955,0.44602,-0.03058,0.04111],"b":-0.18198}}}