{"mean":[-0.05011,-0.02757,-0.03842,-0.01436,2.62943,0.20932,2.45552,1.8253,-0.06087],"std":[0.33883,0.24196,0.31008,0.16286,2.05984,0.11242,2.09766,1.5296,0.26296],"w":[0.19887,-0.34915,-0.28291,-0.16731,0.01567,-0.01781,0.30671,-0.55821,-0.35339],"b":-0.0966}