{"mean":[-0.05217,-0.0292,-0.0403,-0.01451,2.61744,0.20949,2.44283,1.81915,-0.06262,0.497],"std":[0.33843,0.24193,0.30963,0.16301,2.05053,0.11273,2.08302,1.52799,0.26317,0.30889],"w":[0.20923,-0.27098,-0.18419,-0.04829,0.03147,0.00722,0.29504,-0.50147,-0.27957,-0.38346],"b":-0.0908}