{"mean":[-0.05217,-0.0292,-0.0403,-0.01451,2.61744,0.20949,2.44283,1.81915,-0.06262,0.497,0.94953],"std":[0.33843,0.24193,0.30963,0.16301,2.05053,0.11273,2.08302,1.52799,0.26317,0.30889,0.30556],"w":[0.2196,-0.24712,-0.18422,-0.04831,-0.03853,0.02015,0.21737,-0.35166,-0.24256,-0.31418,0.44008],"b":-0.07822}